exploration_variables,special_cost,frontier_size
17.9298,13.7305,0.9
3.530170,10.1948,0.8
2.672305,1.06617,0.7
1.5,1.0,0.6
1.5,0.0,0.4
1.5,0.0,0.2
1.5,0.0,0.0