exploration_variables,special_cost,frontier_size
22.890895232924937,146.61258274286052,0.9
3.5577332327296,173.5470884689717,0.8
3.018598401333875,133.74932109127033,0.7
0.49647135938559583,1.3579523534300555,0.6
1.841521903434647,-0.13631631307930248,0.4
0.3626601883772574,-0.21395960895600435,0.2
1.9158830747030295,-0.5576572042002751,0