{
  "unexplored_value": [60.0, 60.0, 60.0, 60.0, 60.0, 60.0, 60.0],
  "exploration_variables": [4.0, 4.0, 4.0, 4.0, 4.0, 4.0, 4.0],
  "special_cost": [
    -146.61258274286052, -243.67327604563462, -133.74932109127033,
    -1.3579523534300555, 0.13631631307930248, 0.21395960895600435,
    0.5576572042002751
  ],
  "piece_connects_to_exit": [1.0, 1.0, 1.0, 1.0, 1.0, 1.0, 1.0],
  "piece_connects_to_other_piece": [
    -0.14122161150142618, 0.49493021386270336, 2.9164678248621896,
    3.7638396450392277, 2.7685519267962815, 0.37063746858387314,
    0.020743070522264304
  ],
  "piece_locks_out_other_piece": [-1.0, -1.0, -1.0, -1.0, -1.0, -1.0, -1.0],
  "piece_is_2nd_order_neighbor": [1.0, 1.0, 1.0, 1.0, 1.0, 1.0, 1.0],
  "piece_is_3rd_order_neighbor": [1.0, 1.0, 1.0, 1.0, 1.0, 1.0, 1.0],
  "prune_minimum_node_count": 80,
  "prune_alpha": 16.0,
  "model": "model-2",
  "rollout_depth": 4
}
